{"mean": [2.1454991117053623e-09, 5.149197512821502e-09, 1.3731193959642951e-08, 0.0, 1.6091242782678705e-09, -1.180024411517877e-09], "std": [1.0000070333480835, 1.0000070333480835, 1.0000070333480835, 1.0000070333480835, 1.0000070333480835, 1.0000070333480835]}