{"mean": [224.3627408555926, 271.71470118966937, 137.1373282401178, 0.07477942763172364, -0.616503931558088, 0.09501655371855741], "std": [138.84555319822593, 72.72289849184746, 74.44846971051399, 0.9237051433696318, 0.6700365100920745, 0.6079221195764879]}